student_id,study_hours_per_week,attendance_percentage,previous_exam_score,extracurricular_hours,sleep_hours,final_result
STD_1000,14.4,55.2,41,0,7,0
STD_1001,33.4,74.8,69,2,4,1
STD_1002,26.2,93.0,89,9,7,1
STD_1003,21.8,85.3,48,3,5,1
STD_1004,7.1,89.4,44,3,7,0
STD_1005,7.1,81.2,50,1,8,0
STD_1006,3.9,83.1,88,0,7,0
STD_1007,30.6,91.7,78,2,9,1
STD_1008,21.8,58.7,79,10,4,1
STD_1009,25.4,71.9,90,3,4,1
STD_1010,2.7,57.2,91,2,7,0
STD_1011,34.0,99.3,55,7,4,1
STD_1012,29.5,96.9,84,9,9,1
STD_1013,9.0,47.2,67,0,4,0
STD_1014,8.0,83.8,41,1,7,0
STD_1015,8.1,95.9,49,6,6,0
STD_1016,12.0,54.9,66,3,6,0
STD_1017,19.3,76.2,54,7,5,1
STD_1018,16.3,95.4,49,10,4,1
STD_1019,11.6,46.9,82,2,7,0
STD_1020,22.2,83.4,55,5,4,1
STD_1021,6.6,61.4,76,8,8,0
STD_1022,11.6,95.8,60,0,9,1
STD_1023,14.1,98.4,48,0,4,1
STD_1024,17.1,96.9,91,7,4,1
STD_1025,27.9,71.1,71,2,6,1
STD_1026,8.6,92.4,92,4,9,1
STD_1027,19.0,91.5,55,0,7,1
STD_1028,21.5,62.6,37,4,4,0
STD_1029,3.5,90.6,71,10,6,0
STD_1030,22.0,47.0,83,5,5,1
STD_1031,7.6,77.8,53,7,9,0
STD_1032,4.1,57.7,46,2,6,0
STD_1033,33.3,51.6,95,2,6,1
STD_1034,33.9,49.2,75,11,6,1
STD_1035,28.7,83.3,67,10,4,1
STD_1036,12.1,63.7,84,10,4,0
STD_1037,5.2,84.9,67,9,5,0
STD_1038,24.6,48.6,58,8,8,0
STD_1039,16.5,62.3,95,3,8,1
STD_1040,6.0,74.7,95,3,8,0
STD_1041,18.3,88.5,62,11,9,1
STD_1042,3.1,62.5,92,6,9,0
STD_1043,32.0,79.4,77,1,5,1
STD_1044,10.5,93.7,75,7,9,0
STD_1045,23.9,78.9,73,5,8,1
STD_1046,12.3,57.8,83,2,8,0
STD_1047,19.2,46.3,51,8,6,0
STD_1048,20.0,92.9,99,4,9,1
STD_1049,8.1,46.2,39,7,4,0
STD_1050,34.0,93.1,36,6,4,1
STD_1051,27.6,74.1,56,7,6,1
STD_1052,33.0,96.6,91,6,6,1
STD_1053,31.5,88.9,50,2,6,1
STD_1054,21.7,99.9,85,1,4,1
STD_1055,32.4,64.3,73,6,8,1
STD_1056,4.9,87.2,74,2,6,0
STD_1057,8.5,67.1,72,2,5,0
STD_1058,3.5,71.4,94,1,6,0
STD_1059,12.7,79.5,93,3,7,1
STD_1060,14.8,93.1,44,7,6,0
STD_1061,11.0,99.1,98,11,4,1
STD_1062,29.3,87.3,97,0,9,1
STD_1063,13.8,68.0,83,0,6,0
STD_1064,11.3,68.2,98,11,9,0
STD_1065,19.9,85.6,66,4,7,1
STD_1066,6.7,58.1,41,10,5,0
STD_1067,28.5,51.1,55,4,9,0
STD_1068,4.5,64.5,54,10,8,0
STD_1069,34.6,60.8,60,11,6,1
STD_1070,27.5,61.3,49,0,7,1
STD_1071,8.6,57.8,48,5,7,0
STD_1072,2.2,47.3,61,0,9,0
STD_1073,28.9,46.0,74,4,5,1
STD_1074,25.3,99.3,92,8,4,1
STD_1075,26.1,68.5,62,11,6,1
STD_1076,27.5,66.1,60,4,7,1
STD_1077,4.4,82.4,97,5,5,0
STD_1078,13.8,57.0,59,7,8,0
STD_1079,5.8,97.2,37,10,7,0
STD_1080,30.5,88.2,78,0,5,1
STD_1081,22.6,49.9,76,1,4,1
STD_1082,12.9,68.0,40,8,4,0
STD_1083,4.1,93.4,73,2,7,0
STD_1084,12.3,97.0,86,5,7,1
STD_1085,12.7,70.7,57,4,9,0
STD_1086,26.1,78.7,84,10,6,1
STD_1087,23.0,54.2,77,1,5,1
STD_1088,31.3,99.5,53,6,7,1
STD_1089,17.6,57.7,85,3,6,1
STD_1090,5.9,96.9,45,0,9,0
STD_1091,25.5,80.7,46,3,6,1
STD_1092,27.1,78.4,42,5,7,1
STD_1093,20.5,73.2,58,6,4,1
STD_1094,27.4,57.7,75,6,5,1
STD_1095,18.3,54.7,70,6,5,0
STD_1096,19.3,57.1,89,2,4,1
STD_1097,16.1,55.3,43,5,7,0
STD_1098,2.8,87.9,81,7,5,0
STD_1099,5.6,64.3,49,3,7,0
STD_1100,3.0,48.2,82,7,9,0
STD_1101,23.0,98.3,76,1,7,1
STD_1102,12.4,93.6,94,9,6,1
STD_1103,18.8,96.0,46,8,4,0
STD_1104,31.9,99.7,36,8,7,1
STD_1105,10.2,54.6,41,7,9,0
STD_1106,15.5,66.8,37,9,8,0
STD_1107,26.9,86.7,37,9,4,1
STD_1108,9.6,83.3,61,0,5,0
STD_1109,4.5,53.5,74,1,6,0
STD_1110,11.6,89.9,67,5,5,1
STD_1111,7.3,57.3,35,9,9,0
STD_1112,32.7,57.3,42,4,9,1
STD_1113,28.7,74.5,66,11,5,1
STD_1114,22.9,77.6,82,8,4,1
STD_1115,30.8,76.9,38,4,5,1
STD_1116,28.5,50.0,53,1,7,1
STD_1117,8.2,93.3,66,9,5,1
STD_1118,31.5,59.6,43,3,6,1
STD_1119,19.8,52.1,46,8,6,0
STD_1120,28.6,93.9,45,0,8,1
STD_1121,31.6,97.6,80,10,6,1
STD_1122,12.5,92.4,50,0,5,0
STD_1123,5.6,89.5,35,11,6,0
STD_1124,9.5,81.0,97,6,4,1
STD_1125,16.1,75.3,55,10,6,1
STD_1126,29.0,49.8,64,2,7,1
STD_1127,30.4,67.5,47,9,4,1
STD_1128,2.2,65.5,68,1,8,0
STD_1129,18.9,59.3,38,8,7,0
STD_1130,15.8,84.8,62,2,5,1
STD_1131,9.3,72.3,93,1,5,1
STD_1132,6.0,49.5,61,11,5,0
STD_1133,13.1,57.1,59,7,7,0
STD_1134,33.1,82.6,37,9,7,1
STD_1135,12.7,49.2,59,5,7,0
STD_1136,19.1,91.8,54,5,4,1
STD_1137,25.2,72.2,68,9,9,1
STD_1138,14.0,71.4,60,10,4,0
STD_1139,34.1,77.6,39,6,5,1
STD_1140,33.8,90.4,95,6,9,1
STD_1141,10.3,64.1,43,10,6,0
STD_1142,18.4,82.3,84,5,5,1
STD_1143,11.9,76.1,40,3,8,0
STD_1144,11.4,59.7,94,10,4,0
STD_1145,3.2,93.3,78,8,7,0
STD_1146,22.1,88.9,45,5,4,1
STD_1147,18.6,81.2,81,3,7,1
STD_1148,3.7,91.8,37,11,9,0
STD_1149,11.2,92.7,64,2,8,0
STD_1150,32.0,84.0,55,3,9,1
STD_1151,9.9,91.0,62,2,8,0
STD_1152,6.8,83.4,96,1,4,0
STD_1153,18.2,82.4,67,4,7,1
STD_1154,34.5,79.0,69,1,9,1
STD_1155,10.0,86.4,86,5,8,1
STD_1156,24.2,53.7,68,2,5,1
STD_1157,27.1,93.4,75,5,5,1
STD_1158,9.8,93.0,85,10,9,1
STD_1159,26.0,46.6,81,9,7,1
STD_1160,14.1,90.4,92,8,9,1
STD_1161,22.9,52.1,91,0,4,1
STD_1162,22.9,63.4,57,5,8,1
STD_1163,19.7,85.9,82,8,4,1
STD_1164,5.0,53.8,56,10,5,0
STD_1165,29.6,90.0,51,3,8,1
STD_1166,12.6,90.8,45,10,9,0
STD_1167,8.2,72.9,49,11,4,0
STD_1168,3.3,45.4,69,1,6,0
STD_1169,21.5,60.8,67,3,7,0
STD_1170,24.4,78.9,50,0,7,1
STD_1171,2.5,99.0,68,2,6,0
STD_1172,18.9,79.7,74,9,5,1
STD_1173,9.5,59.3,62,8,8,0
STD_1174,23.3,79.9,81,9,7,1
STD_1175,7.8,74.7,73,4,6,0
STD_1176,24.8,87.9,54,10,9,1
STD_1177,14.8,50.9,35,5,6,0
STD_1178,32.9,86.9,97,2,5,1
STD_1179,6.5,74.8,38,4,5,0
STD_1180,13.3,98.0,92,10,4,1
STD_1181,5.7,63.8,59,7,7,0
STD_1182,32.5,79.8,81,5,4,1
STD_1183,31.0,96.3,72,3,6,1
STD_1184,10.5,50.6,49,1,8,0
STD_1185,23.8,96.5,97,8,8,1
STD_1186,29.0,82.8,55,11,5,1
STD_1187,20.3,48.7,91,0,8,1
STD_1188,19.5,61.6,87,0,8,1
STD_1189,10.0,83.9,80,3,8,0
STD_1190,5.1,48.7,48,6,6,0
STD_1191,31.6,77.0,51,0,8,1
STD_1192,31.7,64.0,73,8,9,1
STD_1193,22.9,79.2,43,3,8,1
STD_1194,13.2,47.5,40,2,8,0
STD_1195,13.5,92.9,57,0,4,0
STD_1196,26.0,98.5,93,9,6,1
STD_1197,31.6,98.3,80,3,5,1
STD_1198,31.3,86.2,72,8,4,1
STD_1199,27.7,52.2,48,9,7,1
STD_1200,23.2,86.7,96,5,6,1
STD_1201,4.8,46.4,69,5,9,0
STD_1202,7.3,46.2,53,0,6,0
STD_1203,31.7,62.8,64,9,7,1
STD_1204,22.0,71.9,59,1,7,1
STD_1205,2.3,87.4,74,10,7,0
STD_1206,5.3,82.6,48,5,5,0
STD_1207,23.9,69.5,60,1,8,1
STD_1208,2.2,60.0,56,2,6,0
STD_1209,7.3,99.8,82,3,8,1
STD_1210,20.1,68.4,85,10,8,1
STD_1211,24.8,69.8,37,4,9,1
STD_1212,23.5,54.0,76,8,7,0
STD_1213,9.4,88.7,53,11,5,0
STD_1214,25.5,83.2,62,3,9,1
STD_1215,9.8,57.1,79,10,4,0
STD_1216,12.7,49.5,97,8,5,0
STD_1217,26.6,82.4,53,10,8,1
STD_1218,23.4,81.0,81,9,5,1
STD_1219,30.0,60.0,48,2,7,1
STD_1220,23.7,97.3,72,7,4,1
STD_1221,20.8,53.3,87,11,7,1
STD_1222,5.1,68.8,95,0,4,0
STD_1223,14.1,96.9,70,10,9,1
STD_1224,10.8,68.1,74,8,8,0
STD_1225,10.1,80.1,64,8,4,0
STD_1226,34.1,66.9,43,9,4,1
STD_1227,15.0,60.1,98,1,4,1
STD_1228,31.4,99.1,67,3,5,1
STD_1229,22.8,67.5,86,7,9,1
STD_1230,28.2,94.2,48,6,5,1
STD_1231,18.6,57.6,87,0,8,1
STD_1232,21.0,56.7,93,4,4,1
STD_1233,18.3,46.7,75,6,9,0
STD_1234,8.4,80.8,42,3,9,0
STD_1235,25.8,65.3,36,0,6,0
STD_1236,11.3,92.5,75,8,8,1
STD_1237,2.8,71.0,89,4,9,0
STD_1238,23.3,98.3,50,10,4,1
STD_1239,7.8,55.2,96,1,4,0
STD_1240,33.0,92.8,82,7,9,1
STD_1241,33.5,87.7,64,10,5,1
STD_1242,32.2,87.4,46,1,8,1
STD_1243,14.2,91.5,69,2,4,1
STD_1244,2.5,86.9,45,9,9,0
STD_1245,32.6,79.4,98,0,4,1
STD_1246,16.1,52.2,84,10,9,0
STD_1247,33.9,46.8,55,1,8,1
STD_1248,33.8,95.6,82,6,9,1
STD_1249,30.1,78.9,54,9,6,1
STD_1250,11.7,88.8,78,1,9,1
STD_1251,14.7,71.5,67,5,9,0
STD_1252,30.1,51.5,95,2,8,1
STD_1253,12.5,51.9,43,3,9,0
STD_1254,7.6,82.7,69,10,8,0
STD_1255,20.4,68.7,99,7,6,1
STD_1256,32.9,56.0,42,2,8,1
STD_1257,25.0,72.0,79,9,4,1
STD_1258,20.8,48.5,81,5,8,1
STD_1259,5.2,77.0,74,0,6,0
STD_1260,22.3,59.8,88,6,7,1
STD_1261,34.7,88.9,80,7,9,1
STD_1262,6.6,62.1,81,10,8,0
STD_1263,19.1,70.0,49,7,9,1
STD_1264,31.0,45.6,53,2,5,1
STD_1265,26.4,49.0,60,9,4,1
STD_1266,25.0,66.6,86,0,4,1
STD_1267,25.2,71.4,56,8,5,1
STD_1268,13.9,78.0,55,5,5,1
STD_1269,11.7,61.0,85,10,8,0
STD_1270,28.7,83.2,72,8,5,1
STD_1271,28.7,92.3,54,6,7,1
STD_1272,30.6,87.9,63,0,9,1
STD_1273,32.1,47.2,85,11,9,1
STD_1274,18.9,71.4,38,11,6,0
STD_1275,18.6,50.8,89,0,5,0
STD_1276,28.3,58.3,62,5,5,1
STD_1277,23.4,99.3,38,4,7,1
STD_1278,25.2,52.8,56,8,4,1
STD_1279,28.3,72.4,79,1,4,1
STD_1280,31.4,79.0,68,7,9,1
STD_1281,13.2,83.6,89,10,9,1
STD_1282,14.4,75.8,35,4,8,0
STD_1283,5.1,45.5,72,1,7,0
STD_1284,21.1,63.0,40,9,6,0
STD_1285,3.2,73.5,59,10,6,0
STD_1286,17.4,49.8,51,10,7,0
STD_1287,19.9,64.3,95,11,6,1
STD_1288,11.5,46.8,46,5,4,0
STD_1289,21.5,49.3,40,9,6,0
STD_1290,3.0,66.8,61,7,6,0
STD_1291,3.2,52.3,42,3,7,0
STD_1292,29.1,76.2,99,1,7,1
STD_1293,13.9,82.9,91,11,6,1
STD_1294,6.2,89.0,74,10,5,0
STD_1295,19.2,56.0,48,4,7,0
STD_1296,27.4,54.2,69,11,8,1
STD_1297,9.1,50.8,82,1,8,0
STD_1298,22.6,80.0,90,1,4,1
STD_1299,4.8,83.9,83,5,6,0
STD_1300,3.7,46.7,47,10,5,0
STD_1301,19.5,96.5,95,9,4,1
STD_1302,19.8,47.9,83,8,6,1
STD_1303,23.0,74.8,80,3,7,1
STD_1304,26.0,84.0,96,5,8,1
STD_1305,34.2,92.9,42,6,9,1
STD_1306,19.0,84.3,77,10,5,1
STD_1307,12.7,89.1,54,5,9,1
STD_1308,28.2,63.7,73,7,8,1
STD_1309,10.9,89.8,83,3,9,1
STD_1310,16.5,49.4,98,11,7,1
STD_1311,4.6,94.2,96,0,6,1
STD_1312,2.8,75.1,88,6,7,0
STD_1313,33.8,90.0,43,2,9,1
STD_1314,29.6,69.9,71,5,7,1
STD_1315,25.0,80.4,83,1,8,1
STD_1316,15.5,74.0,75,8,5,1
STD_1317,7.7,85.2,51,0,7,0
STD_1318,7.2,49.5,55,5,8,0
STD_1319,10.3,48.3,85,5,5,0
STD_1320,20.1,58.6,93,4,6,1
STD_1321,25.6,53.8,73,4,9,1
STD_1322,23.8,92.9,89,0,6,1
STD_1323,11.2,57.1,75,9,4,0
STD_1324,33.5,98.7,73,11,8,1
STD_1325,26.4,63.5,47,4,5,1
STD_1326,20.3,55.0,98,1,7,1
STD_1327,22.2,88.4,45,6,6,1
STD_1328,15.8,81.2,53,2,5,0
STD_1329,10.2,72.4,45,3,8,0
STD_1330,13.7,75.5,80,2,4,0
STD_1331,27.0,84.6,79,2,6,1
STD_1332,2.5,57.6,35,3,9,0
STD_1333,5.8,99.8,74,4,5,0
STD_1334,3.5,98.6,53,0,9,0
STD_1335,3.3,80.8,95,3,5,0
STD_1336,30.2,56.0,46,11,5,0
STD_1337,25.2,82.4,95,11,8,1
STD_1338,17.6,49.0,67,10,8,0
STD_1339,5.2,46.7,79,7,8,0
STD_1340,18.2,59.2,42,9,7,0
STD_1341,17.6,70.4,59,6,5,1
STD_1342,7.7,92.8,80,8,6,1
STD_1343,16.3,85.0,64,4,9,1
STD_1344,15.2,85.8,81,9,8,1
STD_1345,22.3,68.4,83,3,8,1
STD_1346,23.0,64.0,81,7,9,1
STD_1347,3.5,65.4,52,8,9,0
STD_1348,14.4,99.3,67,6,5,1
STD_1349,22.7,47.2,70,6,8,1
STD_1350,18.6,92.7,53,4,9,1
STD_1351,30.3,76.8,62,3,7,1
STD_1352,23.7,69.1,74,9,7,1
STD_1353,7.4,84.9,49,0,8,0
STD_1354,4.3,71.8,75,9,9,0
STD_1355,23.2,93.0,73,9,5,1
STD_1356,2.9,94.5,36,6,5,0
STD_1357,21.3,68.2,97,0,5,1
STD_1358,33.0,60.2,63,0,4,1
STD_1359,21.0,77.6,85,4,8,1
STD_1360,14.8,95.2,44,8,5,1
STD_1361,23.2,56.6,48,5,7,0
STD_1362,17.1,79.3,85,2,9,1
STD_1363,20.0,79.7,73,2,6,1
STD_1364,33.1,85.3,62,6,6,1
STD_1365,14.7,52.2,37,5,5,0
STD_1366,33.7,84.4,61,8,6,1
STD_1367,31.9,95.0,36,5,6,1
STD_1368,8.5,54.9,72,4,4,0
STD_1369,4.3,58.1,37,9,7,0
STD_1370,5.3,98.4,50,6,7,0
STD_1371,2.6,55.0,74,0,4,0
STD_1372,5.1,92.0,36,11,4,0
STD_1373,24.5,72.1,75,6,6,1
STD_1374,4.3,58.6,46,2,8,0
STD_1375,12.5,92.9,69,8,9,1
STD_1376,29.9,69.5,99,5,9,1
STD_1377,2.8,73.3,89,8,6,0
STD_1378,28.9,64.8,79,4,9,1
STD_1379,11.3,77.6,96,6,4,1
STD_1380,5.9,54.0,83,3,7,0
STD_1381,25.0,66.5,59,6,9,1
STD_1382,22.8,98.3,57,0,6,1
STD_1383,31.0,59.2,58,6,8,1
STD_1384,26.3,81.1,72,7,6,1
STD_1385,28.5,62.9,62,4,5,1
STD_1386,11.3,87.5,55,1,6,0
STD_1387,7.9,52.2,88,4,4,0
STD_1388,26.8,98.3,52,5,7,1
STD_1389,28.6,70.0,70,11,7,1
STD_1390,34.7,58.0,79,1,9,1
STD_1391,15.6,49.0,87,5,4,0
STD_1392,14.3,54.3,64,5,5,0
STD_1393,27.6,73.6,94,0,4,1
STD_1394,13.2,63.5,66,0,6,0
STD_1395,32.7,90.6,62,10,4,1
STD_1396,30.3,68.7,78,9,4,1
STD_1397,16.2,58.7,75,2,5,0
STD_1398,26.8,78.9,97,9,6,1
STD_1399,26.9,83.9,57,9,8,1
STD_1400,5.4,54.2,82,11,8,0
STD_1401,31.8,54.2,66,2,7,1
STD_1402,18.7,47.0,91,3,9,0
STD_1403,29.3,85.5,67,1,4,1
STD_1404,12.6,81.5,58,8,7,0
STD_1405,31.6,71.1,73,9,5,1
STD_1406,14.8,91.4,68,11,8,1
STD_1407,2.4,89.3,90,10,4,0
STD_1408,31.9,77.2,62,6,5,1
STD_1409,5.0,92.8,71,6,9,0
STD_1410,12.5,56.3,41,5,5,0
STD_1411,33.4,51.2,71,2,4,1
STD_1412,33.4,59.8,90,5,9,1
STD_1413,20.9,48.1,99,11,5,1
STD_1414,22.9,74.2,99,7,9,1
STD_1415,16.8,96.5,81,7,4,1
STD_1416,11.7,47.2,54,10,4,0
STD_1417,12.8,51.7,53,8,9,0
STD_1418,24.2,69.9,63,0,6,1
STD_1419,26.8,96.4,94,0,7,1
STD_1420,28.1,62.4,52,2,5,1
STD_1421,28.1,72.9,69,2,5,1
STD_1422,5.0,47.3,77,9,6,0
STD_1423,18.3,53.2,45,7,6,0
STD_1424,3.9,99.3,83,9,6,0
STD_1425,20.1,98.1,72,0,8,1
STD_1426,16.6,45.3,98,1,8,1
STD_1427,31.3,97.3,42,1,9,1
STD_1428,13.6,80.2,68,2,8,0
STD_1429,5.9,92.7,82,5,4,0
STD_1430,6.7,70.0,90,0,9,0
STD_1431,27.1,73.4,99,1,5,1
STD_1432,22.4,71.9,65,0,7,1
STD_1433,5.3,81.7,38,4,4,0
STD_1434,4.8,52.7,84,6,5,0
STD_1435,25.1,46.6,64,7,5,1
STD_1436,4.4,61.9,93,9,9,0
STD_1437,29.1,83.8,79,0,6,1
STD_1438,25.3,56.1,38,6,6,0
STD_1439,4.7,82.0,60,4,4,0
STD_1440,4.8,98.3,61,9,6,0
STD_1441,34.6,50.2,80,0,5,1
STD_1442,14.4,82.0,98,2,6,1
STD_1443,14.2,69.4,85,6,8,0
STD_1444,28.8,92.7,84,9,6,1
STD_1445,33.3,54.7,40,0,5,1
STD_1446,34.5,83.1,93,6,9,1
STD_1447,26.9,91.1,49,4,4,1
STD_1448,14.4,97.0,64,0,7,1
STD_1449,4.8,82.6,76,0,6,0
STD_1450,27.6,72.3,71,0,5,1
STD_1451,20.4,79.0,76,10,7,1
STD_1452,16.0,92.8,69,8,7,1
STD_1453,31.9,76.4,40,10,8,1
STD_1454,5.7,46.7,52,2,7,0
STD_1455,18.3,96.2,63,4,9,1
STD_1456,2.4,82.9,93,10,5,0
STD_1457,17.5,82.2,81,9,5,1
STD_1458,3.9,56.9,51,11,6,0
STD_1459,5.9,81.2,56,8,6,0
STD_1460,5.9,66.7,71,5,6,0
STD_1461,23.4,80.8,83,11,9,1
STD_1462,26.6,50.9,47,8,7,0
STD_1463,21.3,81.2,68,7,7,1
STD_1464,33.8,100.0,87,7,8,1
STD_1465,14.4,47.7,85,0,9,0
STD_1466,11.4,98.7,37,8,6,0
STD_1467,30.7,67.4,76,5,4,1
STD_1468,9.4,92.9,66,8,8,0
STD_1469,33.8,88.0,85,2,4,1
STD_1470,2.4,76.2,80,11,7,0
STD_1471,34.0,85.6,55,2,8,1
STD_1472,3.4,93.3,78,5,8,0
STD_1473,31.4,67.2,45,8,5,1
STD_1474,19.4,63.0,35,6,7,0
STD_1475,34.8,81.7,97,2,7,1
STD_1476,4.4,89.4,58,2,9,0
STD_1477,20.3,86.9,47,1,8,1
STD_1478,34.0,88.9,45,8,7,1
STD_1479,19.3,69.0,85,2,8,1
STD_1480,22.8,90.0,51,10,9,1
STD_1481,25.0,51.6,58,4,9,1
STD_1482,17.0,74.9,53,8,5,0
STD_1483,22.7,45.3,71,7,8,0
STD_1484,21.3,62.9,42,1,7,0
STD_1485,31.7,65.2,62,2,7,1
STD_1486,3.5,66.8,39,1,8,0
STD_1487,11.3,83.3,51,7,8,0
STD_1488,33.4,66.4,70,5,8,1
STD_1489,31.4,69.7,53,5,6,1
STD_1490,17.0,58.1,98,11,7,1
STD_1491,22.5,65.5,45,8,9,1
STD_1492,11.2,57.5,88,7,7,1
STD_1493,8.2,49.0,79,3,6,0
STD_1494,17.3,78.2,81,11,8,1
STD_1495,13.7,81.8,46,3,5,0
STD_1496,21.3,79.1,55,8,8,1
STD_1497,4.6,70.5,45,0,8,0
STD_1498,34.2,65.9,39,1,6,1
STD_1499,34.5,92.5,90,1,7,1
STD_1500,25.0,73.5,54,5,8,1
STD_1501,19.7,71.4,75,3,7,1
STD_1502,12.2,46.4,80,10,4,0
STD_1503,28.9,63.8,46,9,9,1
STD_1504,24.6,65.9,51,2,7,0
STD_1505,7.4,66.9,53,2,5,0
STD_1506,32.1,76.9,60,2,9,1
STD_1507,29.1,74.3,82,5,5,1
STD_1508,33.3,78.4,86,7,8,1
STD_1509,25.9,87.1,89,10,9,1
STD_1510,22.2,89.7,67,6,7,1
STD_1511,15.8,84.5,96,3,9,1
STD_1512,32.8,97.6,57,10,8,1
STD_1513,30.6,46.0,49,11,6,0
STD_1514,3.5,55.8,61,3,5,0
STD_1515,2.9,45.4,98,10,8,0
STD_1516,14.4,80.6,85,9,6,1
STD_1517,28.7,94.4,87,10,9,1
STD_1518,34.6,58.4,85,10,9,1
STD_1519,7.0,96.0,81,10,8,1
STD_1520,21.6,48.3,38,1,7,0
STD_1521,14.6,96.4,41,0,9,1
STD_1522,34.0,64.3,69,8,7,1
STD_1523,29.8,50.6,82,11,7,1
STD_1524,29.7,71.7,79,11,7,1
STD_1525,17.5,59.1,53,1,4,0
STD_1526,15.7,60.7,97,7,6,1
STD_1527,11.0,61.9,72,8,6,0
STD_1528,3.9,89.2,93,3,9,0
STD_1529,30.5,74.7,47,7,9,1
STD_1530,28.8,62.1,81,8,7,1
STD_1531,35.0,78.6,95,9,4,1
STD_1532,34.9,84.4,65,9,7,1
STD_1533,20.3,60.0,56,4,4,0
STD_1534,27.4,67.7,77,6,7,1
STD_1535,33.2,51.7,88,9,5,1
STD_1536,30.0,55.0,44,3,5,1
STD_1537,10.2,82.5,76,0,8,0
STD_1538,16.9,55.0,98,2,7,1
STD_1539,6.3,73.9,55,4,9,0
STD_1540,33.5,84.0,75,2,6,1
STD_1541,22.0,50.9,58,11,8,0
STD_1542,9.5,76.2,69,10,9,1
STD_1543,24.2,59.1,90,6,5,1
STD_1544,22.4,98.0,64,11,7,1
STD_1545,13.8,71.6,91,8,8,1
STD_1546,5.7,89.3,81,11,7,0
STD_1547,24.2,75.3,69,5,5,1
STD_1548,19.2,47.4,53,9,8,0
STD_1549,27.5,79.8,42,0,5,1
STD_1550,19.2,97.3,60,6,4,1
STD_1551,30.1,78.1,64,2,5,1
STD_1552,20.2,90.1,41,4,7,1
STD_1553,20.5,93.6,99,9,6,1
STD_1554,30.9,57.5,70,3,5,1
STD_1555,15.3,56.7,59,9,9,0
STD_1556,6.4,78.6,71,4,6,0
STD_1557,2.9,67.6,35,4,4,0
STD_1558,26.9,91.2,49,5,8,1
STD_1559,22.5,94.5,71,9,8,1
STD_1560,25.2,64.4,47,11,6,1
STD_1561,9.0,58.0,42,9,8,0
STD_1562,6.5,87.9,39,10,5,0
STD_1563,2.5,60.1,94,5,6,0
STD_1564,13.6,90.2,35,7,7,0
STD_1565,21.5,68.3,70,7,5,1
STD_1566,14.9,81.7,69,10,5,1
STD_1567,16.4,50.3,97,8,5,1
STD_1568,31.8,79.3,57,7,7,1
STD_1569,13.5,69.8,43,10,4,0
STD_1570,19.0,77.3,68,1,9,1
STD_1571,27.9,54.2,80,11,8,1
STD_1572,15.1,85.5,38,9,6,1
STD_1573,22.5,92.5,64,11,4,1
STD_1574,30.5,56.9,37,10,6,1
STD_1575,33.3,50.3,48,0,8,1
STD_1576,6.9,46.3,94,9,7,0
STD_1577,32.6,80.3,79,1,5,1
STD_1578,18.2,78.4,68,1,5,1
STD_1579,10.5,75.1,79,11,7,0
STD_1580,17.2,57.8,95,2,4,0
STD_1581,34.3,66.5,50,9,4,1
STD_1582,18.3,77.7,74,6,6,0
STD_1583,12.8,72.3,51,1,7,0
STD_1584,22.9,99.3,68,0,4,1
STD_1585,9.9,52.5,50,5,7,0
STD_1586,4.5,83.2,94,8,8,0
STD_1587,6.3,67.2,47,2,5,0
STD_1588,6.2,68.6,90,5,5,0
STD_1589,7.0,84.5,65,2,5,0
STD_1590,6.6,83.1,68,0,7,0
STD_1591,23.1,99.5,73,11,7,1
STD_1592,8.0,52.1,42,4,6,0
STD_1593,13.4,50.7,89,9,5,0
STD_1594,31.6,84.8,61,10,6,1
STD_1595,17.6,76.8,87,3,5,1
STD_1596,24.0,60.1,73,6,6,0
STD_1597,7.7,49.4,99,5,6,0
STD_1598,8.3,49.7,51,9,8,0
STD_1599,3.3,94.2,64,6,6,0
STD_1600,7.6,55.6,87,4,7,0
STD_1601,11.2,62.8,47,3,6,0
STD_1602,7.8,57.5,55,6,5,0
STD_1603,4.9,64.5,53,6,6,0
STD_1604,6.0,48.8,87,5,4,0
STD_1605,17.2,73.5,53,7,9,0
STD_1606,8.8,48.7,91,3,5,0
STD_1607,14.0,89.0,59,9,4,1
STD_1608,18.6,57.9,65,4,5,0
STD_1609,24.8,74.7,89,3,7,1
STD_1610,3.3,93.4,57,11,9,0
STD_1611,28.4,80.8,66,0,9,1
STD_1612,22.7,74.3,96,11,7,1
STD_1613,4.7,62.8,44,7,9,0
STD_1614,30.8,63.3,88,0,7,1
STD_1615,32.4,81.8,86,4,4,1
STD_1616,4.0,99.7,54,5,8,0
STD_1617,11.1,81.4,66,5,5,0
STD_1618,28.6,75.7,48,4,7,1
STD_1619,26.7,85.2,84,2,5,1
STD_1620,8.1,70.6,62,4,4,0
STD_1621,8.9,48.3,87,11,8,0
STD_1622,14.2,75.9,58,7,4,0
STD_1623,18.0,97.7,56,1,9,0
STD_1624,22.4,54.6,64,5,5,0
STD_1625,14.2,83.0,97,8,8,1
STD_1626,17.3,56.1,38,7,9,0
STD_1627,26.7,74.5,93,10,8,1
STD_1628,3.2,50.3,42,7,9,0
STD_1629,10.3,69.8,46,7,4,0
STD_1630,25.5,86.6,65,6,7,1
STD_1631,31.5,64.1,68,7,5,1
STD_1632,18.9,81.6,83,5,6,1
STD_1633,19.6,88.7,91,1,6,1
STD_1634,5.5,96.0,60,1,4,0
STD_1635,16.8,57.9,52,7,5,0
STD_1636,19.6,67.0,72,10,5,1
STD_1637,10.0,53.4,84,0,4,1
STD_1638,10.9,99.6,42,5,5,0
STD_1639,14.5,96.0,75,5,7,1
STD_1640,2.7,74.7,40,10,4,0
STD_1641,12.6,91.3,78,3,7,1
STD_1642,9.0,73.7,98,11,5,1
STD_1643,12.8,79.3,63,10,4,0
STD_1644,6.0,49.9,62,10,5,0
STD_1645,31.4,86.5,45,9,4,1
STD_1646,21.6,52.0,99,2,5,1
STD_1647,24.4,90.4,53,10,7,1
STD_1648,28.0,88.0,43,2,7,1
STD_1649,18.4,84.0,61,0,5,1
STD_1650,4.9,47.0,68,2,4,0
STD_1651,19.7,61.7,78,3,6,1
STD_1652,21.4,59.5,49,10,7,0
STD_1653,26.6,64.8,85,10,7,1
STD_1654,16.2,49.8,47,4,9,0
STD_1655,6.2,96.5,83,2,6,0
STD_1656,11.4,75.5,90,5,5,1
STD_1657,14.0,61.8,85,10,4,0
STD_1658,23.3,66.8,71,11,9,1
STD_1659,20.8,69.6,51,4,5,1
STD_1660,13.8,78.0,92,2,8,1
STD_1661,34.6,73.4,63,5,7,1
STD_1662,22.0,95.6,67,5,8,1
STD_1663,9.8,72.3,94,7,7,0
STD_1664,5.4,99.6,89,1,7,0
STD_1665,7.0,91.8,44,0,8,0
STD_1666,10.1,56.5,81,3,8,0
STD_1667,7.3,96.2,57,6,5,0
STD_1668,8.2,51.4,55,10,9,0
STD_1669,11.4,90.0,47,9,9,0
STD_1670,7.7,65.9,67,2,8,0
STD_1671,31.6,93.3,58,2,5,1
STD_1672,4.6,92.7,45,4,9,0
STD_1673,19.3,89.3,51,4,5,0
STD_1674,15.5,88.5,81,9,5,1
STD_1675,34.4,61.8,59,2,7,1
STD_1676,5.7,49.5,55,8,9,0
STD_1677,15.1,67.2,46,3,9,0
STD_1678,34.0,54.5,71,2,7,1
STD_1679,30.6,83.2,76,10,8,1
STD_1680,29.0,64.0,51,1,7,1
STD_1681,10.5,98.7,82,9,9,1
STD_1682,7.6,80.3,62,10,9,0
STD_1683,24.1,90.2,75,8,8,1
STD_1684,32.7,52.3,81,3,7,1
STD_1685,20.4,92.4,52,2,4,1
STD_1686,20.9,95.8,47,6,4,1
STD_1687,11.2,71.8,47,7,8,0
STD_1688,27.4,78.3,65,10,7,1
STD_1689,8.2,87.1,36,1,7,0
STD_1690,12.7,54.6,50,6,5,0
STD_1691,16.0,72.6,43,11,9,0
STD_1692,18.8,66.9,72,4,6,1
STD_1693,10.0,53.1,88,10,8,0
STD_1694,5.8,65.2,90,4,6,0
STD_1695,22.2,48.7,79,2,6,1
STD_1696,11.5,46.4,68,4,8,0
STD_1697,21.2,52.4,43,11,7,0
STD_1698,7.1,98.0,42,1,8,0
STD_1699,17.9,75.2,41,3,6,0
STD_1700,19.6,98.1,70,5,9,1
STD_1701,3.7,68.8,52,0,9,0
STD_1702,13.1,62.1,37,9,9,0
STD_1703,6.4,72.8,62,3,7,0
STD_1704,4.1,69.2,78,5,4,0
STD_1705,34.7,50.8,55,8,8,1
STD_1706,12.6,80.2,62,10,9,0
STD_1707,28.7,56.9,88,10,8,1
STD_1708,10.4,79.1,88,1,9,0
STD_1709,24.5,80.8,99,10,7,1
STD_1710,27.1,53.4,55,6,4,1
STD_1711,21.7,48.4,47,5,4,0
STD_1712,17.6,87.9,91,1,9,1
STD_1713,15.6,70.3,83,7,7,1
STD_1714,13.5,48.2,88,6,5,0
STD_1715,32.7,99.7,44,10,8,1
STD_1716,29.4,48.2,87,4,8,1
STD_1717,33.8,83.2,78,11,6,1
STD_1718,6.1,99.1,81,4,7,0
STD_1719,26.1,58.2,87,6,6,1
STD_1720,33.0,52.8,80,8,9,1
STD_1721,8.0,51.7,47,10,6,0
STD_1722,4.2,61.7,71,8,4,0
STD_1723,26.5,50.6,58,8,8,1
STD_1724,21.0,83.1,36,5,6,1
STD_1725,29.8,48.4,48,9,4,1
STD_1726,6.6,73.0,44,5,7,0
STD_1727,28.2,99.8,69,2,6,1
STD_1728,8.7,89.8,59,0,9,0
STD_1729,7.4,78.8,37,6,9,0
STD_1730,7.4,61.8,51,3,9,0
STD_1731,28.9,79.3,46,0,8,1
STD_1732,24.0,74.0,88,7,6,1
STD_1733,19.3,68.4,58,11,7,1
STD_1734,13.8,52.2,63,5,6,0
STD_1735,30.9,93.8,77,5,8,1
STD_1736,15.0,69.7,59,1,4,0
STD_1737,28.9,55.7,94,0,8,1
STD_1738,16.5,65.2,99,1,9,1
STD_1739,14.4,67.8,62,3,4,0
STD_1740,17.3,90.5,50,1,9,1
STD_1741,11.9,85.3,81,0,5,1
STD_1742,26.7,87.3,92,6,8,1
STD_1743,18.6,45.6,61,10,8,0
STD_1744,9.7,67.9,87,10,7,0
STD_1745,31.7,71.5,76,11,6,1
STD_1746,14.7,46.1,93,7,4,0
STD_1747,19.9,59.3,81,5,4,1
STD_1748,31.9,86.8,68,3,7,1
STD_1749,22.6,52.5,71,5,7,1
STD_1750,5.9,74.4,40,2,6,0
STD_1751,33.0,56.8,41,11,9,1
STD_1752,22.7,45.7,59,7,6,0
STD_1753,13.1,58.3,67,9,8,0
STD_1754,6.6,98.7,89,1,9,1
STD_1755,28.2,89.1,92,4,5,1
STD_1756,22.5,97.8,41,0,6,1
STD_1757,19.6,71.8,91,5,7,1
STD_1758,31.5,51.0,46,1,9,1
STD_1759,28.0,75.1,50,3,6,1
STD_1760,7.0,70.0,77,5,4,0
STD_1761,12.3,91.4,41,9,5,0
STD_1762,10.2,50.4,85,10,8,0
STD_1763,26.6,71.9,66,7,4,1
STD_1764,3.1,53.3,42,11,4,0
STD_1765,20.8,62.9,79,7,5,1
STD_1766,27.2,85.6,93,10,8,1
STD_1767,30.9,71.2,38,5,7,1
STD_1768,13.3,65.7,63,3,9,0
STD_1769,29.1,66.7,63,7,8,1
STD_1770,5.7,70.3,62,7,6,0
STD_1771,29.9,88.2,78,9,4,1
STD_1772,6.2,94.1,38,0,6,0
STD_1773,15.1,97.5,43,3,7,0
STD_1774,28.3,88.3,39,3,6,1
STD_1775,6.9,62.3,90,6,8,0
STD_1776,9.6,82.8,84,10,6,1
STD_1777,25.8,69.1,49,6,7,1
STD_1778,25.8,59.0,66,10,7,1
STD_1779,23.2,91.2,62,7,7,1
STD_1780,24.9,47.1,56,10,8,1
STD_1781,19.9,94.6,51,4,7,1
STD_1782,10.3,70.4,93,6,4,1
STD_1783,13.4,80.0,91,7,7,0
STD_1784,8.0,81.3,60,8,6,0
STD_1785,32.0,94.2,59,2,9,1
STD_1786,21.3,80.0,44,2,6,1
STD_1787,15.2,78.8,79,3,9,0
STD_1788,17.2,48.7,45,4,6,0
STD_1789,33.3,73.5,87,9,8,1
STD_1790,7.1,53.3,62,0,6,0
STD_1791,21.3,85.6,99,6,8,1
STD_1792,18.7,73.2,83,8,8,1
STD_1793,22.2,82.4,81,7,7,1
STD_1794,2.6,47.3,86,4,4,0
STD_1795,30.8,49.7,88,3,9,1
STD_1796,32.8,84.4,94,11,7,1
STD_1797,20.6,49.0,91,6,7,0
STD_1798,25.0,48.9,81,4,8,1
STD_1799,32.4,45.7,65,6,8,1
STD_1800,25.3,97.6,80,11,9,1
STD_1801,7.0,85.6,60,0,6,0
STD_1802,21.0,64.4,39,0,6,0
STD_1803,22.0,61.3,86,9,7,1
STD_1804,16.0,64.2,88,2,5,1
STD_1805,26.3,87.6,67,10,5,1
STD_1806,32.8,81.4,84,1,6,1
STD_1807,32.5,55.2,72,1,5,1
STD_1808,16.9,54.6,61,6,6,0
STD_1809,5.7,50.4,49,11,8,0
STD_1810,34.5,81.3,95,9,7,1
STD_1811,29.7,87.0,55,1,4,1
STD_1812,6.1,59.6,80,10,7,0
STD_1813,32.4,46.2,40,3,6,1
STD_1814,30.7,49.5,72,1,6,1
STD_1815,19.1,98.2,96,5,7,1
STD_1816,21.5,61.2,96,7,9,1
STD_1817,15.2,87.3,80,9,6,1
STD_1818,3.8,79.4,47,3,5,0
STD_1819,13.1,66.0,37,4,5,0
STD_1820,28.5,56.3,40,3,6,0
STD_1821,2.2,51.7,42,2,6,0
STD_1822,13.0,78.8,78,4,9,0
STD_1823,15.1,87.6,67,8,5,1
STD_1824,19.7,80.4,84,7,6,1
STD_1825,32.4,74.2,45,7,6,1
STD_1826,13.4,47.3,62,7,9,0
STD_1827,13.4,98.3,75,11,9,1
STD_1828,26.3,88.9,50,7,7,1
STD_1829,16.9,61.1,82,6,9,1
STD_1830,9.4,98.9,90,7,4,0
STD_1831,16.9,78.1,98,10,5,1
STD_1832,6.6,77.0,93,7,7,0
STD_1833,7.8,86.1,96,7,4,1
STD_1834,18.4,89.6,45,11,6,1
STD_1835,15.8,81.1,52,9,6,0
STD_1836,32.2,52.0,53,6,7,1
STD_1837,14.0,63.6,89,11,9,1
STD_1838,21.2,96.0,60,0,6,1
STD_1839,22.9,57.4,40,3,8,0
STD_1840,2.4,65.5,38,3,7,0
STD_1841,23.9,68.8,63,4,4,1
STD_1842,7.9,69.2,93,9,7,0
STD_1843,33.7,78.7,51,5,5,1
STD_1844,6.9,96.9,77,3,9,0
STD_1845,15.7,58.2,68,1,9,0
STD_1846,4.8,51.7,42,5,7,0
STD_1847,34.9,55.9,47,7,6,1
STD_1848,18.6,93.8,42,7,6,1
STD_1849,21.6,80.5,99,6,8,1
STD_1850,4.2,60.7,77,5,8,0
STD_1851,26.7,89.9,73,1,9,1
STD_1852,8.9,92.4,93,6,8,1
STD_1853,31.6,91.6,78,10,4,1
STD_1854,8.8,95.5,43,11,8,0
STD_1855,8.3,58.9,71,4,4,0
STD_1856,3.2,86.5,70,5,8,0
STD_1857,17.6,70.3,62,9,9,0
STD_1858,20.6,91.3,76,7,9,1
STD_1859,4.2,85.1,77,7,4,0
STD_1860,27.6,87.7,76,2,7,1
STD_1861,17.0,81.1,89,11,9,1
STD_1862,19.3,54.8,82,11,7,0
STD_1863,16.5,75.0,56,6,6,0
STD_1864,15.2,99.2,61,0,4,0
STD_1865,20.5,96.6,47,0,9,1
STD_1866,7.1,47.4,79,6,5,0
STD_1867,8.0,54.1,44,9,6,0
STD_1868,30.4,52.2,43,8,7,1
STD_1869,33.2,84.9,88,6,9,1
STD_1870,14.3,90.0,61,9,4,1
STD_1871,10.9,56.7,68,4,8,0
STD_1872,23.3,72.8,35,7,5,1
STD_1873,15.5,91.2,66,1,7,1
STD_1874,2.8,85.3,54,8,6,0
STD_1875,7.2,74.8,69,5,4,0
STD_1876,25.6,77.5,51,8,5,1
STD_1877,23.7,73.0,52,1,4,1
STD_1878,2.9,61.4,79,2,9,0
STD_1879,9.3,76.1,87,11,8,0
STD_1880,9.6,82.9,99,7,6,1
STD_1881,24.2,93.0,35,0,4,1
STD_1882,2.7,80.0,92,9,7,0
STD_1883,5.4,86.9,60,6,9,0
STD_1884,28.4,53.8,54,6,9,1
STD_1885,7.9,70.4,44,0,6,0
STD_1886,23.5,45.5,93,8,9,1
STD_1887,9.9,58.6,75,7,7,0
STD_1888,5.3,85.0,39,3,4,0
STD_1889,10.0,99.5,99,9,6,1
STD_1890,25.8,50.5,51,10,9,0
STD_1891,30.2,67.1,56,4,9,1
STD_1892,29.4,89.0,75,1,7,1
STD_1893,15.1,56.2,45,8,8,0
STD_1894,24.0,75.5,90,11,8,1
STD_1895,8.8,85.3,85,11,9,0
STD_1896,11.7,78.9,55,5,4,0
STD_1897,31.6,55.3,60,2,6,1
STD_1898,2.4,64.5,53,11,9,0
STD_1899,4.8,88.1,94,6,5,0
STD_1900,8.9,75.5,81,8,6,0
STD_1901,2.9,45.3,60,2,8,0
STD_1902,8.0,86.9,74,1,9,0
STD_1903,21.2,46.9,39,6,7,0
STD_1904,15.9,86.0,55,6,5,0
STD_1905,31.5,56.1,38,3,9,1
STD_1906,29.0,97.7,57,10,4,1
STD_1907,13.3,65.2,49,8,5,0
STD_1908,10.6,63.0,42,7,9,0
STD_1909,14.5,53.2,75,0,4,0
STD_1910,21.5,61.8,53,0,5,0
STD_1911,10.8,93.2,80,4,4,1
STD_1912,22.6,99.8,62,5,4,1
STD_1913,15.5,65.3,49,2,5,0
STD_1914,20.2,69.7,71,8,5,1
STD_1915,16.4,84.7,35,11,4,1
STD_1916,11.7,93.7,58,9,8,0
STD_1917,33.3,77.6,61,5,5,1
STD_1918,27.2,66.5,74,3,9,1
STD_1919,6.6,67.7,97,11,6,0
STD_1920,30.7,83.3,95,6,7,1
STD_1921,18.1,45.2,70,7,4,0
STD_1922,31.5,79.1,58,8,4,1
STD_1923,28.4,64.6,58,10,7,1
STD_1924,16.0,88.7,38,5,8,0
STD_1925,2.7,50.1,68,5,7,0
STD_1926,10.9,77.4,91,7,5,0
STD_1927,19.9,71.5,83,11,7,1
STD_1928,22.9,80.3,87,4,4,1
STD_1929,10.5,48.6,57,2,7,0
STD_1930,6.6,76.9,87,11,6,0
STD_1931,29.6,75.9,96,2,9,1
STD_1932,34.5,75.8,75,5,5,1
STD_1933,19.3,78.2,91,1,7,1
STD_1934,7.7,82.2,94,5,4,0
STD_1935,11.0,89.3,88,5,9,1
STD_1936,2.6,59.8,91,7,5,0
STD_1937,32.2,90.4,44,6,4,1
STD_1938,5.9,72.4,74,7,8,0
STD_1939,21.0,49.2,41,8,6,0
STD_1940,11.0,48.2,72,5,8,0
STD_1941,20.3,63.4,95,2,6,1
STD_1942,23.5,88.2,37,9,7,1
STD_1943,29.4,83.9,85,2,5,1
STD_1944,8.8,88.4,81,10,7,1
STD_1945,2.4,73.4,72,11,6,0
STD_1946,6.5,69.2,70,0,6,0
STD_1947,31.7,53.1,75,10,6,1
STD_1948,30.8,63.1,47,4,9,1
STD_1949,21.7,68.9,92,3,4,1
STD_1950,21.8,49.9,84,8,5,1
STD_1951,23.9,57.1,64,8,7,1
STD_1952,7.8,77.9,96,4,7,0
STD_1953,32.2,85.5,59,9,8,1
STD_1954,15.8,99.9,61,3,6,1
STD_1955,14.6,96.3,85,6,6,1
STD_1956,19.1,80.3,91,5,6,1
STD_1957,3.5,68.2,81,3,7,0
STD_1958,7.5,80.0,73,9,8,0
STD_1959,26.4,88.2,50,1,4,1
STD_1960,4.7,51.5,56,0,9,0
STD_1961,21.9,67.5,88,3,5,1
STD_1962,10.1,91.2,55,3,4,0
STD_1963,14.8,66.1,50,0,7,0
STD_1964,11.5,76.5,93,5,9,1
STD_1965,13.7,77.3,65,3,9,1
STD_1966,25.7,55.1,76,0,9,1
STD_1967,11.8,64.9,66,0,6,0
STD_1968,20.7,63.4,93,0,5,1
STD_1969,17.7,46.4,68,7,7,0
STD_1970,23.9,46.3,43,9,7,0
STD_1971,32.9,90.7,45,7,9,1
STD_1972,26.2,60.0,44,1,7,1
STD_1973,9.1,73.5,51,10,5,0
STD_1974,3.0,61.4,82,6,5,0
STD_1975,10.7,96.7,86,7,8,1
STD_1976,21.6,59.3,59,7,8,0
STD_1977,3.7,68.6,55,10,4,0
STD_1978,18.4,93.0,99,9,5,1
STD_1979,21.7,91.3,97,10,5,1
STD_1980,13.0,55.2,85,6,5,0
STD_1981,27.4,89.1,70,4,8,1
STD_1982,5.5,70.2,49,0,9,0
STD_1983,4.5,71.6,73,11,9,0
STD_1984,26.0,52.3,35,8,7,1
STD_1985,18.4,49.4,57,6,9,0
STD_1986,24.7,85.0,73,1,6,1
STD_1987,16.3,72.3,91,5,8,1
STD_1988,10.1,69.0,68,1,5,0
STD_1989,29.0,85.1,75,0,9,1
STD_1990,28.4,87.1,47,6,8,1
STD_1991,24.9,53.7,40,1,9,1
STD_1992,11.0,78.6,86,1,4,0
STD_1993,21.5,52.4,37,10,5,0
STD_1994,13.9,86.3,97,4,4,1
STD_1995,5.0,81.1,83,4,5,0
STD_1996,32.3,97.6,81,6,8,1
STD_1997,6.5,48.8,89,0,7,0
STD_1998,33.4,48.1,98,7,9,1
STD_1999,16.7,60.5,99,2,9,1
